[
  {
    "id": 1,
    "question": "What is the full name of the main character?",
    "options": ["Gumball Brown", "Gumball Watterson", "Gumball Wilson", "Gumball Rabbit"],
    "answer": "Gumball Watterson"
  },
  {
    "id": 2,
    "question": "Who is Gumball’s best friend and adopted brother?",
    "options": ["Tobias", "Banana Joe", "Darwin", "Richard"],
    "answer": "Darwin"
  },
  {
    "id": 3,
    "question": "What kind of animal is Anais?",
    "options": ["A rabbit", "A cat", "A fish", "A squirrel"],
    "answer": "A rabbit"
  },
  {
    "id": 4,
    "question": "What school do Gumball and his friends attend?",
    "options": ["Elmore Middle School", "Elmore Junior High", "Elmore High School", "Elmore Elementary"],
    "answer": "Elmore Middle School"
  },
  {
    "id": 5,
    "question": "Who is Gumball’s teacher that often loses patience?",
    "options": ["Ms. Robinson", "Principal Brown", "Mr. Small", "Miss Simian"],
    "answer": "Miss Simian"
  },
  {
    "id": 6,
    "question": "What is the name of the Wattersons' mom?",
    "options": ["Penny", "Nicole", "Sarah", "Carrie"],
    "answer": "Nicole"
  },
  {
    "id": 7,
    "question": "Which character is a ghost and has a crush on Darwin?",
    "options": ["Masami", "Teri", "Carrie", "Tina"],
    "answer": "Carrie"
  }
]
