[
  {
    "id": "gumball1",
    "title": "Gumball Quiz 1",
    "questions": [
      {
        "question": "What is Gumball's full name?",
        "options": ["Gumball Watterson", "Gumball Brown", "Gumball Smith"],
        "answer": "Gumball Watterson"
      },
      {
        "question": "What is the name of Gumball's sister?",
        "options": ["Anais", "Nicole", "Penny"],
        "answer": "Anais"
      }
    ]
  },
  {
    "id": "gumball2",
    "title": "Gumball Quiz 2",
    "questions": [
      {
        "question": "What species is Darwin?",
        "options": ["Cat", "Fish", "Hamster"],
        "answer": "Fish"
      }
    ]
  }
]
